,SiteID,CompanyName,SiteName,Address,CityCode,City,Country,geom,Subsector,DataSource,Emissions_ETS_2014,Emissions_EPRTR_2014,Production,Fuel_Demand,Excess_Heat_100-200C,Excess_Heat_200-500C,Excess_Heat_500C,Excess_Heat_Total
112,113,Saarstahl AG,Saarstahl AG - Werk VÃ¶lklingen,Bismarckstr. 57-59,66333,VÃ¶lklingen,Germany,SRID=4326;POINT(6.847062770056 49.252005178441),Iron and steel,ETS/EPRTR,366062.0,,855176.89,884.91,29.27,0.00,0.00,29.27
113,114,AG der Dillinger HÃ¼ttenwerke,AG der Dillinger HÃ¼ttenwerke,Werkstrasse 1,66763,Dillingen,Germany,SRID=4326;POINT(6.754136982445 49.35717217044),Iron and steel,ETS/EPRTR,746699.0,682000.0,1961614.92,1864.77,61.70,0.00,0.00,61.70
114,115,ZKS Zentralkokerei Saar GmbH,ZKS - Zentralkokerei Saar GmbH,Werkstrasse 1,66763,Dillingen/Saar,Germany,SRID=4326;POINT(6.743575271043 49.347808343611),Iron and steel,ETS/EPRTR,975238.0,975000.0,5557455.59,,0.00,0.00,0.00,0.00
115,116,ROGESA Roheisengesellschaft Saar mbH,ROGESA Roheisengesellschaft Saar mbH,Werkstrasse 1,66763,Dillingen/Saar,Germany,SRID=4326;POINT(6.743652602675 49.352136986735),Iron and steel,ETS/EPRTR,4223992.0,4230000.0,9867892.24,22794.01,630.31,1220.04,0.00,1850.36
123,124,ArcelorMittal Duisburg GmbH,ArcelorMittal Hamburg GmbH,Dradenaustrasse 33,21129,Hamburg,Germany,SRID=4326;POINT(9.900051078411 53.524784970533),Iron and steel,ETS/EPRTR,419519.0,,1146768.93,710.75,0.00,44925,44760,48.20
124,125,Salzgitter Flachstahl GmbH Abt. Umweltschutz / 08 TUI,Salzgitter Flachstahl GmbH Werk Salzgitter,EisenhÃ¼ttenstr. 99,38239,Salzgitter,Germany,SRID=4326;POINT(10.403075314726 52.154764924299),Iron and steel,ETS/EPRTR,4465254.0,8030000.0,11555816.43,20216.08,616.42,278.28,41.17,935.88
126,127,Peiner TrÃ¤ger GmbH,Peiner TrÃ¤ger GmbH,Gerhard-Lucas-Meyer-Str. 10,31226,Peine,Germany,SRID=4326;POINT(10.238186117919 52.316356455016),Iron and steel,ETS/EPRTR,172462.0,172000.0,402897.64,65.36,0.00,19.61,28065,31.37
135,136,GeorgsmarienhÃ¼tte Holding GmbH,GeorgsmarienhÃ¼tte GmbH,Neue HÃ¼ttenstrasse 1,49124,GeorgsmarienhÃ¼tte,Germany,SRID=4326;POINT(8.049501107037 52.209144397156),Iron and steel,ETS/EPRTR,143456.0,146000.0,335135.18,29.64,0.00,32721,12175,14.23
138,139,ArcelorMittal Bremen GmbH,ArcelorMittal Bremen GmbH,Carl-Benz-Strasse 30,28237,Bremen,Germany,SRID=4326;POINT(8.6867285296 53.124930440425),Iron and steel,ETS/EPRTR,2455775.0,2967000.0,5894265.92,11629.21,359.48,249.15,0.00,608.63
139,140,Outokumpu Nirosta GmbH,ThyssenKrupp Nirosta GmbH,Oberschlesienstr. 16,47807,Krefeld,Germany,SRID=4326;POINT(6.555853402878 51.301673958145),Iron and steel,ETS/EPRTR,,122000.0,,,0.00,0.00,0.00,0.00
142,143,HÃ¼ttenwerke Krupp Mannesmann GmbH,HÃ¼ttenwerke Krupp Mannesmann GmbH,Ehinger Str. 200,47259,Duisburg,Germany,SRID=4326;POINT(6.712267332095 51.368231167703),Iron and steel,ETS/EPRTR,4666233.0,4670000.0,10901034.95,24516.17,696.31,728.76,69.48,1494.55
146,147,ThyssenKrupp Steel AG,ThyssenKrupp Steel AG Werk HÃ¼ttenheim,Mannesmann-Str. Tor 9,47259,Duisburg,Germany,SRID=4326;POINT(6.713031317781 51.364145049263),Iron and steel,ETS/EPRTR,84754.0,,197998.32,,0.00,0.00,0.00,0.00
147,148,ThyssenKrupp Steel Europe AG,ThyssenKrupp Steel Europe AG Werk Schwelgern,Kaiser - Wilhelm - Strasse 100,47166,Duisburg,Germany,SRID=4326;POINT(6.735907483708 51.503690300069),Iron and steel,ETS/EPRTR,8015583.0,4310000.0,18938712.19,35864.30,1186.65,0.00,0.00,1186.65
152,153,DK Recycling und Roheisen GmbH,DK Recycling und Roheisen GmbH,Werthauser Str. 182,47053,Duisburg,Germany,SRID=4326;POINT(6.741991277819 51.422282975055),Iron and steel,ETS/EPRTR,273765.0,629000.0,879021.1,1064.31,30.22,49.15,0.00,79.37
157,158,voestalpine Bahnsysteme GmbH,TSTG Schienen Technik GmbH & Co. KG,Kaiser-Wilhelm-Strasse 100,47166,Duisburg,Germany,SRID=4326;POINT(6.737269564282 51.493068524573),Iron and steel,ETS/EPRTR,,,,,0.00,0.00,0.00,0.00
158,159,ArcelorMittal Ruhrort GmbH,ArcelorMittal Ruhrort GmbH Werk Ruhrort,Vohwinkelstrasse 107,47137,Duisburg,Germany,SRID=4326;POINT(6.749172902452 51.460831804253),Iron and steel,ETS/EPRTR,206954.0,215000.0,483476.24,933.35,30.88,0.00,0.00,30.88
159,160,Pruna Betreiber GmbH vertreten durch die KBS GmbH,Pruna Betreiber GmbH vertreten durch die KBS GmbH Werk Schwelgern,Alsumer Steig 100,47166,Duisburg,Germany,SRID=4326;POINT(6.728879811472 51.500991282169),Iron and steel,ETS/EPRTR,2070677.0,2020000.0,11799884.21,,0.00,0.00,0.00,0.00
163,164,Eisenwerk BrÃ¼hl GmbH,Eisenwerk BrÃ¼hl GmbH,KÃ¶lnstrasse 262-266,50321,BrÃ¼hl,Germany,SRID=4326;POINT(6.914540394452 50.841925316591),Iron and steel,ETS/EPRTR,112834.0,,642991.7,,0.00,0.00,0.00,0.00
178,179,,Heinrich Meier Eisengiesserei GmbH & Co KG,Auf der Welle 5-7,32369,Rahden,Germany,SRID=4326;POINT(8.625055766959 52.434720795183),Iron and steel,ETS/EPRTR,26098.0,,148721.1,,0.00,0.00,0.00,0.00
187,188,Deutsche Edelstahlwerke GmbH,Deutsche Edelstahlwerke GmbH Werk Siegen,Obere Kaiserstrasse -,57078,Siegen,Germany,SRID=4326;POINT(8.014246705028 50.917370904773),Iron and steel,ETS/EPRTR,121642.0,,474755.75,24.62,0.00,14062,15797,29891
192,193,ThyssenKrupp Steel Europe AG,ThyssenKrupp Steel Europe AG Werk HÃ¶ntrop,Essener Strasse 244,44793,Bochum,Germany,SRID=4326;POINT(7.171001276851 51.475520052455),Iron and steel,ETS/EPRTR,284439.0,293000.0,664493.06,,0.00,0.00,0.00,0.00
193,194,Fritz Winter Eisengiesserei GmbH & Co. KG,Fritz Winter Eisengiesserei GmbH & Co. KG,Albert-Schweitzer Str. 15,35260,Stadtallendorf,Germany,SRID=4326;POINT(9.011143857379 50.818906679833),Iron and steel,ETS/EPRTR,210633.0,211000.0,1200305.51,,0.00,0.00,0.00,0.00
195,196,Buderus Edelstahl GmbH,Buderus Edelstahl GmbH,Buderusstrasse 25,35576,Wetzlar,Germany,SRID=4326;POINT(8.489228686291 50.574941180031),Iron and steel,ETS/EPRTR,133326.0,113000.0,628679.74,14.77,0.00,15797,23774,44811
228,229,Lech-Stahlwerke GmbH,Lech-Stahlwerk GmbH,Industriestr. 1,86405,Meitingen,Germany,SRID=4326;POINT(10.859350531635 48.512118867234),Iron and steel,ETS/EPRTR,143924.0,190000.0,336228.5,,0.00,0.00,0.00,0.00
232,233,H.E.S.Hennigsdorfer Elektrostahlwerke GmbH,H.E.S. Hennigsdorfer Elektrostahlwerke GmbH,Wolfgang-KÃ¼ntscher-Strasse 18,16761,Hennigsdorf,Germany,SRID=4326;POINT(13.211427001547 52.653267839086),Iron and steel,ETS/EPRTR,94493.0,,220750.12,21.34,0.00,14763,Mrz 84,45566
235,236,ArcelorMittal EisenhÃ¼ttenstadt GmbH,ArcelorMittal EisenhÃ¼ttenstadt GmbH,Werkstrasse 1,15890,EisenhÃ¼ttenstadt,Germany,SRID=4326;POINT(14.61768223693 52.166140522249),Iron and steel,ETS/EPRTR,1564346.0,1680000.0,3654551.84,7426.61,207.21,379.34,0.00,586.55
236,237,B.E.S. Brandenburger Elektrostahlwerke GmbH,B.E.S. Brandenburger Elektrostahlwerke GmbH,Woltersdorfer Str. 40,14770,Brandenburg an der Havel,Germany,SRID=4326;POINT(12.498885660274 52.401950191149),Iron and steel,ETS/EPRTR,156381.0,,583049.39,34.73,0.00,15250,45809,16.67
244,245,Ilsenburger Grobblech GmbH,Ilsenburger Grobblech GmbH,Veckenstedter Weg 10,38871,Ilsenburg,Germany,SRID=4326;POINT(10.697140809706 51.872618524167),Iron and steel,ETS/EPRTR,104990.0,105000.0,598292.17,,0.00,0.00,0.00,0.00
264,265,Stahlwerk ThÃ¼ringen GmbH,Stahlwerk ThÃ¼ringen GmbH,Kronacher Str. 6,7333,Unterwellenborn,Germany,SRID=4326;POINT(11.434288262033 50.65350466949),Iron and steel,ETS/EPRTR,101588.0,,442354.81,15.39,0.00,22372,28157,14062
273,274,ESF Elbe-Stahlwerke Feralpi GmbH,ESF Elbe-Stahlwerke Feralpi GmbH,GrÃ¶baer Strasse 3,1591,Riesa,Germany,SRID=4326;POINT(13.277830046886 51.313064595831),Iron and steel,ETS/EPRTR,93384.0,,321913.22,23.70,0.00,44872,46113,13820
279,280,ArcelorMittal Bremen GmbH,ArcelorMittal Bremen GmbH Kokerei Prosper,Prosperstr. 350,46236,Bottrop,Germany,SRID=4326;POINT(6.973272225725 51.518231572786),Iron and steel,ETS/EPRTR,301683.0,377000.0,1719159.7,912.72,0.00,0.00,51.34,51.34
1390,1391,ThyssenKrupp Steel Europe AG,ThyssenKrupp Steel Europe AG Werk Bruckhausen,Kaiser - Wilhelm - Strasse 100,47166,Duisburg,Germany,SRID=4326;POINT(6.740610656881 51.492512426436),Iron and steel,EPRTR,,507000.0,1355220.68,,0.00,0.00,0.00,0.00
1391,1392,ThyssenKrupp Steel Europe AG,ThyssenKrupp Steel Europe AG Werk Beeckerwerth,Kaiser - Wilhelm - Strasse 100,47166,Duisburg,Germany,SRID=4326;POINT(6.709122551125 51.485516041468),Iron and steel,EPRTR,,843000.0,2253355.11,,0.00,0.00,0.00,0.00
1392,1393,ThyssenKrupp Steel Europe AG,ThyssenKrupp Steel Europe AG Werk Hamborn,Kaiser - Wilhelm - Strasse 100,47166,Duisburg,Germany,SRID=4326;POINT(6.72648284166 51.491250023674),Iron and steel,EPRTR,,3330000.0,8901153.63,,0.00,0.00,0.00,0.00
1393,1394,ThyssenKrupp Steel Europe AG,ThyssenKrupp Steel Europe AG Werk Ruhrort,Kaiser - Wilhelm - Strasse 100,47166,Duisburg,Germany,SRID=4326;POINT(6.731030496058 51.460302110224),Iron and steel,EPRTR,,3020000.0,8072517.71,,0.00,0.00,0.00,0.00
1445,1446,Vallourec Deutschland GmbH,Vallorec Deutschland GmbH Werk Rath,Rather Kreuzweg 106,40472,DÃ¼sseldorf,Germany,SRID=4326;POINT(6.802141481342 51.26546635888),Iron and steel,EPRTR,,,,,0.00,0.00,0.00,0.00
1888,1889,,ERVIN Germany GmbH - AMASTEEL Glaubitz,,,,Germany,,Iron and steel,ETS,,,,,0.00,0.00,0.00,0.00
1895,1896,ThyssenKrupp Steel Europe AG,Feuerbeschichtungsanlage 6 Ferndorf,Aherweiden ,57223,Kreutal,Germany,,Iron and steel,ETS,25165.0,,58789.29,,0.00,0.00,0.00,0.00
1899,1900,Bochumer Verein Verkehrstechnik GmbH,Anlage zum Walzen von Stahl  inkl. WÃ¤rmebehandlung,Alleestrasse 70 ,44793,Bochum,Germany,SRID=4326;POINT(7.211101 51.481005),Iron and steel,ETS,17629.0,,100459.97,,0.00,0.00,0.00,0.00
1900,1901,Emscher Aufbereitung GmbH,6 Mahltrocknungsanlagen mit 6 Prozessgaserzeugern,Alsumer Strasse 203-213 ,47166,Duisburg,Germany,SRID=4326;POINT(6.731298 51.498828),Iron and steel,ETS,31558.0,,73724.32,,0.00,0.00,0.00,0.00
1922,1923,Saarstahl AG,Walzwerk Neunkirchen,Am Kohlwaldaufstieg ,66538,Neunkirchen,Germany,SRID=4326;POINT(7.165475 49.352161),Iron and steel,ETS,80998.0,,461572.24,,0.00,0.00,0.00,0.00
1926,1927,BGH Edelstahl Freital GmbH,Elektrostahlwerk einschliesslich Strangiessanlage,Am Stahlwerk 1 ,1705,Freital,Germany,SRID=4326;POINT(13.644266 50.998987),Iron and steel,ETS,15766.0,,36831.79,35551,0.00,28856,44743,31444
1927,1928,BGH Edelstahl Freital GmbH,Walzwerk / Block/Grobstrasse,Am Stahlwerk 1 ,1705,Freital,Germany,SRID=4326;POINT(13.644266 50.998987),Iron and steel,ETS,14063.0,,80138.89,,0.00,0.00,0.00,0.00
1938,1939,Franken Guss Kitzingen GmbH & Co. KG,Giesserei,An der JungfernmÃ¼hle 1 ,97318,Kitzingen,Germany,SRID=4326;POINT(10.181242 49.743118),Iron and steel,ETS,45663.0,,260213.5,,0.00,0.00,0.00,0.00
1947,1948,RWE Power Aktiengesellschaft,Herdofenanlage Fortuna-Nord,Auenheimer Strasse ,50129,Bergheim,Germany,SRID=4326;POINT(6.661824 50.990026),Iron and steel,ETS,484187.0,,2759170.32,,0.00,0.00,0.00,0.00
1948,1949,Deutsche Edelstahlwerke GmbH,Walzwerk Witten,Auestr. 4 ,58452,Witten,Germany,SRID=4326;POINT(7.326471 51.434468),Iron and steel,ETS,28349.0,,161548.57,,0.00,0.00,0.00,0.00
1949,1950,Deutsche Edelstahlwerke GmbH,Elektrostahlwerk Witten,Auestrasse 4 ,58452,Witten,Germany,SRID=4326;POINT(7.326471 51.434468),Iron and steel,ETS,37696.0,,88063.62,14.28,0.00,46844,20852,31199
1982,1983,Saarschmiede GmbH Freiformschmiede,Einheitliche Anlage Elektrostahlwerk,Bismarckstrasse 57 - 59 Saarschmiede GmbH Freiformschmiede,66333,VÃ¶lklingen,Germany,SRID=4326;POINT(6.851057 49.252528),Iron and steel,ETS,10594.0,,,44565,0.00,0.00,0.00,0.00
1983,1984,Saarschmiede GmbH Freiformschmiede,Schmiede 1,Bismarckstrasse 57-59 ,66333,VÃ¶lklingen,Germany,SRID=4326;POINT(6.851057 49.252528),Iron and steel,ETS,38901.0,,221679.81,,0.00,0.00,0.00,0.00
1984,1985,Saarschmiede GmbH Freiformschmiede,Schmiede 2 (Forge),Bismarckstrasse 57-59 ,66333,VÃ¶lklingen,Germany,SRID=4326;POINT(6.851057 49.252528),Iron and steel,ETS,60264.0,,343418.22,,0.00,0.00,0.00,0.00
2000,2001,Buderus Guss GmbH,Eisengiesserei,Buderusstrasse 26 ,35236,Breidenbach,Germany,SRID=4326;POINT(8.45094 50.88671),Iron and steel,ETS,45313.0,,258219.0,,0.00,0.00,0.00,0.00
2005,2006,BRE.M.A Warmwalz GmbH & Co. KG,Warmwalzwerk,Carl-Benz-Strasse 30 ,28237,Bremen,Germany,SRID=4326;POINT(8.692328 53.142131),Iron and steel,ETS,556549.0,,1300183.7,,0.00,0.00,0.00,0.00
2010,2011,ThyssenKrupp Steel Europe AG,Elektrobandfertigung NGO,Castroper Str. 228 ,44791,Bochum,Germany,SRID=4326;POINT(7.246076 51.490497),Iron and steel,ETS,19895.0,,113372.91,,0.00,0.00,0.00,0.00
2036,2037,ThyssenKrupp Steel Europe AG,Feuerbeschichtungsanlage 8 Dortmund,Eberhardstr. 12 ,44145,Dortmund,Germany,SRID=4326;POINT(7.482114 51.52983),Iron and steel,ETS,22801.0,,53266.62,,0.00,0.00,0.00,0.00
2037,2038,ThyssenKrupp Steel Europe AG,Kaltwalzwerk 3,Eberhardstrasse 12 ,44145,Dortmund,Germany,SRID=4326;POINT(7.482114 51.52983),Iron and steel,ETS,30551.0,,71371.81,,0.00,0.00,0.00,0.00
2041,2042,Ilsenburger Grobblech GmbH,Grobblechwalzwerk Anarbeitung Salzgitter,EisenhÃ¼ttenstrasse 99 ,38239,Salzgitter,Germany,SRID=4326;POINT(10.432442 52.161053),Iron and steel,ETS,20878.0,,118974.6,,0.00,0.00,0.00,0.00
2042,2043,Hoesch Schwerter Profile GmbH,Warmwalzwerk,Eisenindustriestrasse 1 ,58239,Schwerte,Germany,SRID=4326;POINT(7.562459 51.438501),Iron and steel,ETS,8924.0,,50853.98,,0.00,0.00,0.00,0.00
2043,2044,MSW Moselstahlwerk GmbH,Elektrostahlwerk Trier,Eltzstrasse 65 ,54293,Trier,Germany,SRID=4326;POINT(6.689694 49.785423),Iron and steel,ETS,16737.0,,39100.19,,0.00,0.00,0.00,0.00
2046,2047,Hammerwerk Erft G. Diederichs GmbH & Co KG,Hammerwerk Erft G. Diederichs GmbH & Co KG,Ernst-Diederichs-Strasse 1 ,53902,Bad MÃ¼nstereifel,Germany,SRID=4326;POINT(6.783338 50.594085),Iron and steel,ETS,21722.0,,123784.19,,0.00,0.00,0.00,0.00
2049,2050,Outokumpu Nirosta GmbH,Stahlwerk Bochum,Essener Strasse 200 / Tor SÃ¼d ,44793,Bochum,Germany,SRID=4326;POINT(7.218747 51.482321),Iron and steel,ETS,49413.0,,115436.33,,0.00,0.00,0.00,0.00
2060,2061,Georg Fischer GmbH,Eisengiesserei,Flurstrasse 15-17 ,40822,Mettmann,Germany,SRID=4326;POINT(6.985606 51.246353),Iron and steel,ETS,101564.0,,578768.89,,0.00,0.00,0.00,0.00
2063,2064,Rohrwerk MaxhÃ¼tte GmbH,Warmbetrieb,Franz-Kunze-Strasse 1 ,92237,Sulzbach-Rosenberg,Germany,,Iron and steel,ETS,17036.0,,97080.72,,0.00,0.00,0.00,0.00
2073,2074,Outokumpu Nirosta GmbH,Kaltwalzwerk Krefeld,Gladbacher Strasse 578 ,47807,Krefeld,Germany,SRID=4326;POINT(6.55626 51.311801),Iron and steel,ETS,44634.0,,254349.67,,0.00,0.00,0.00,0.00
2079,2080,Badische Stahlwerke GmbH,Walzwerk,Graudenzer Strasse 45 ,77694,Kehl,Germany,SRID=4326;POINT(7.822683 48.594136),Iron and steel,ETS,67711.0,,385855.42,,0.00,0.00,0.00,0.00
2080,2081,Badische Stahlwerke GmbH,Stahlwerk Kehl,Graudenzerstr. 45 ,77694,Kehl,Germany,SRID=4326;POINT(7.822683 48.594136),Iron and steel,ETS,115271.0,,269290.71,43.69,0.00,44847,31594,20.97
2091,2092,ThyssenKrupp Steel Europe AG,Feuerbeschichtungsanalge 5 Eichen,Hammerstr. 11 ,57223,Kreuztal,Germany,SRID=4326;POINT(7.977683 50.972439),Iron and steel,ETS,20504.0,,47900.48,,0.00,0.00,0.00,0.00
2092,2093,Daimler AG,Giesserei Mannheim,Hanns-Martin-Schleyer-Str. 21-57 ,68299,Mannheim,Germany,SRID=4326;POINT(8.479721 49.516596),Iron and steel,ETS,39978.0,,227817.16,,0.00,0.00,0.00,0.00
2117,2118,Outokumpu Nirosta GmbH,Kaltwalzwerk Benrath,Hildener Strasse 80 ,40597,DÃ¼sseldorf,Germany,SRID=4326;POINT(6.887747 51.160554),Iron and steel,ETS,20475.0,,116678.08,,0.00,0.00,0.00,0.00
2132,2133,Saarstahl AG,Walzwerk Burbach,HÃ¼ttenstrasse 5 ,66115,SaarbrÃ¼cken,Germany,SRID=4326;POINT(6.928013 49.237406),Iron and steel,ETS,64771.0,,369101.65,,0.00,0.00,0.00,0.00
2168,2169,Georg Fischer Automobilguss GmbH,Georg Fischer Automobilguss GmbH,Julius BÃ¼hrer Strasse 12 ,78224,Singen,Germany,SRID=4326;POINT(8.849701 47.759384),Iron and steel,ETS,118782.0,,676886.76,,0.00,0.00,0.00,0.00
2169,2170,Bosch Thermotechnik GmbH,Eisengiesserei,Justus-Kilian Strasse 1 ,35457,Lollar,Germany,SRID=4326;POINT(8.699476 50.643872),Iron and steel,ETS,15426.0,,87906.03,,0.00,0.00,0.00,0.00
2175,2176,Outokumpu Nirosta GmbH,Kaltwalzwerk Dillenburg,Kasseler Strasse ,35690,Dillenburg,Germany,SRID=4326;POINT(8.277382 50.754051),Iron and steel,ETS,29740.0,,169475.27,,0.00,0.00,0.00,0.00
2179,2180,Neue Halberg-Guss GmbH,Neue Halberg-Guss GmbH,Kirchstr. 16 ,66130,SaarbrÃ¼cken,Germany,SRID=4326;POINT(7.037959 49.212724),Iron and steel,ETS,93410.0,,532302.8,,0.00,0.00,0.00,0.00
2182,2183,ThyssenKrupp Rasselstein GmbH,Kaltwalzwerk 2 mit Nebenanlagen,Koblenzer Str. 141 T-AUE,56626,Andernach,Germany,SRID=4326;POINT(7.431421 50.432175),Iron and steel,ETS,65523.0,,373386.97,,0.00,0.00,0.00,0.00
2203,2204,Karl Diederichs KG,Feuerungsanlage Presswerk,Luckhauser Strasse 1-5 ,42899,Remscheid,Germany,SRID=4326;POINT(7.244373 51.221315),Iron and steel,ETS,,,,,0.00,0.00,0.00,0.00
2212,2213,Benteler Steel/Tube GmbH,Rohrwerk W65,Luisenstr. 117 ,46537,Dinslaken,Germany,SRID=4326;POINT(6.743833 51.573232),Iron and steel,ETS,52487.0,,299100.49,,0.00,0.00,0.00,0.00
2216,2217,Salzgitter Mannesmann Rohr Sachsen GmbH,Rohrstossbankanlage,Mannesmannstr. 11 ,1619,Zeithain,Germany,SRID=4326;POINT(13.357386 51.331053),Iron and steel,ETS,29929.0,,170552.3,,0.00,0.00,0.00,0.00
2220,2221,Mannstaedt GmbH,Mannstaedt GmbH,Mendener Strasse 51 ,53840,Troisdorf,Germany,SRID=4326;POINT(7.165881 50.801649),Iron and steel,ETS,22367.0,,127459.76,,0.00,0.00,0.00,0.00
2233,2234,Benteler Steel/Tube GmbH,Elektrostahlwerk Lingen,Niederdarmer Str. 5 Benteler Steel/Tube GmbH,49811,Paderborn,Germany,SRID=4326;POINT(8.76487 51.71896),Iron and steel,ETS,48541.0,,113399.21,,0.00,0.00,0.00,0.00
2240,2241,Deutsche Edelstahlwerke GmbH,Umschmelzstahlwerk Krefeld,Oberschlesienstr. 16 ,47807,Krefeld,Germany,SRID=4326;POINT(6.555992 51.300494),Iron and steel,ETS,617.0,,1441.4,,0.00,0.00,0.00,0.00
2241,2242,Deutsche Edelstahlwerke GmbH,Schmiede Krefeld,Oberschlesienstrasse 16 ,47807,Krefeld,Germany,SRID=4326;POINT(6.555992 51.300494),Iron and steel,ETS,30241.0,,172330.25,,0.00,0.00,0.00,0.00
2245,2246,Hoesch Hohenlimburg GmbH,Warmwalzwerk Hohenlimburg,Oeger Strasse 120 ,58119,Hagen,Germany,SRID=4326;POINT(7.594173 51.345387),Iron and steel,ETS,99638.0,,567793.46,,0.00,0.00,0.00,0.00
2251,2252,Walter Hundhausen GmbH,Eisengiesserei,Ostendamm 23 ,58239,Schwerte,Germany,SRID=4326;POINT(7.562216 51.44707),Iron and steel,ETS,42270.0,,240878.27,,0.00,0.00,0.00,0.00
2274,2275,V & M DEUTSCHLAND GmbH,Rohrkontistrasse,Postfach 330230 ,40435,DÃ¼sseldorf,Germany,SRID=4326;POINT(6.776314 51.225402),Iron and steel,ETS,54507.0,,310611.59,,0.00,0.00,0.00,0.00
2275,2276,V & M DEUTSCHLAND GmbH,Pilgerstr. 14,Postfach 330230 ,40435,DÃ¼sseldorf,Germany,SRID=4326;POINT(6.776314 51.225402),Iron and steel,ETS,25973.0,,148008.78,,0.00,0.00,0.00,0.00
2276,2277,V & M DEUTSCHLAND GmbH,Press-und Ziehwerk,Postfach 330230 ,40435,DÃ¼sseldorf,Germany,SRID=4326;POINT(6.776314 51.225402),Iron and steel,ETS,24556.0,,139933.92,,0.00,0.00,0.00,0.00
2277,2278,V & M DEUTSCHLAND GmbH,Stopfenstrasse 12,Postfach 330230 ,40435,DÃ¼sseldorf,Germany,SRID=4326;POINT(6.776314 51.225402),Iron and steel,ETS,47321.0,,269661.71,,0.00,0.00,0.00,0.00
2278,2279,V & M DEUTSCHLAND GmbH,VergÃ¼terei 26'',Postfach 330230 ,40435,DÃ¼sseldorf,Germany,SRID=4326;POINT(6.776314 51.225402),Iron and steel,ETS,18982.0,,108170.13,,0.00,0.00,0.00,0.00
2282,2283,Gienanth GmbH,Gienanth GmbH,Ramsener Str. 1 ,67304,Eisenberg,Germany,SRID=4326;POINT(10.768642 51.831445),Iron and steel,ETS,37528.0,,213855.68,,0.00,0.00,0.00,0.00
2285,2286,HSP Hoesch Spundwand und Profil Gesellschaft mit beschrÃ¤nkter Haftung,WP-Block- u. Profilwalzwerk,Rechnungswesen Alte Radstrasse 27,44147,Dortmund,Germany,SRID=4326;POINT(7.465279 51.514227),Iron and steel,ETS,26551.0,,151302.55,,0.00,0.00,0.00,0.00
2288,2289,Benteler Steel/Tube GmbH,Rohrwerk W41,Residenzstr. 1 ,33104,Paderborn,Germany,SRID=4326;POINT(8.714661 51.745449),Iron and steel,ETS,27753.0,,158152.23,,0.00,0.00,0.00,0.00
2300,2301,Schmiedewerke GrÃ¶ditz GmbH,Ringwalzwerk,Riesaer Str. 1 ,1609,GrÃ¶ditz,Germany,SRID=4326;POINT(13.360164 51.427045),Iron and steel,ETS,8873.0,,50563.35,,0.00,0.00,0.00,0.00
2301,2302,Schmiedewerke GrÃ¶ditz GmbH,Schmiede,Riesaer Str.1 ,1609,GrÃ¶ditz,Germany,SRID=4326;POINT(13.360164 51.427045),Iron and steel,ETS,47588.0,,271183.23,,0.00,0.00,0.00,0.00
2302,2303,Schmiedewerke GrÃ¶ditz GmbH,Elektrostahlwerke GrÃ¶ditz,Riesaer Strasse 1 ,1609,GrÃ¶ditz,Germany,SRID=4326;POINT(13.360164 51.427045),Iron and steel,ETS,10010.0,,23384.89,Mrz 79,0.00,41275,0.68,29952
2316,2317,Saint-Gobain PAM Deutschland GmbH,Saint-Gobain PAM Deutschland GmbH,SaarbrÃ¼ckerstrasse 51 ,66130,SaarbrÃ¼cken,Germany,SRID=4326;POINT(7.033246 49.2155),Iron and steel,ETS,50487.0,,287703.37,,0.00,0.00,0.00,0.00
2317,2318,Stahlwerk Bous GmbH,Elektrostahlwerk Bous,Saarstrasse 1 ,66359,Bous,Germany,SRID=4326;POINT(6.794735 49.274184),Iron and steel,ETS,24361.0,,56911.02,45170,0.00,28157,24108,15797
2325,2326,Deutsche Edelstahlwerke GmbH,WÃ¤rmebehandlung Hattingen,Schmiedestr. 1 ,45527,Hattingen,Germany,SRID=4326;POINT(7.190959 51.415077),Iron and steel,ETS,3730.0,,21255.64,,0.00,0.00,0.00,0.00
2329,2330,Deutsche Edelstahlwerke GmbH,Drahtstrasse Hagen inkl. WÃ¤rmebehandlung,Schwanenstrasse 8 ,58089,Hagen,Germany,SRID=4326;POINT(7.456629 51.357973),Iron and steel,ETS,25588.0,,59777.48,,0.00,0.00,0.00,0.00
2337,2338,Duktus Rohrsysteme Wetzlar GmbH,Eisengiesserei mit Schmelzbetrieb,Sophienstrasse 52-54 ,35576,Wetzlar,Germany,SRID=4326;POINT(8.496237 50.562805),Iron and steel,ETS,34109.0,,194372.29,,0.00,0.00,0.00,0.00
2354,2355,BGH Edelstahl Siegen GmbH,Schmelz- und Giessbetrieb Siegen Eintracht,Stumme Loch Weg 1 ,57072,Siegen,Germany,SRID=4326;POINT(8.007217 50.865991),Iron and steel,ETS,17778.0,,41532.13,26816,0.00,44594,44197,Mrz 23
2355,2356,BGH Edelstahl Siegen GmbH,Schmiedebetrieb Siegen Eintracht,Stumme Loch Weg 4 ,57072,Siegen,Germany,SRID=4326;POINT(8.005282 50.866822),Iron and steel,ETS,15856.0,,90356.42,,0.00,0.00,0.00,0.00
2357,2358,LuitpoldhÃ¼tte Aktiengesellschaft,Eisengiesserei,Sulzbacherstrasse 121 ,92224,Amberg,Germany,SRID=4326;POINT(11.852711 49.448204),Iron and steel,ETS,28971.0,,165093.08,,0.00,0.00,0.00,0.00
2382,2383,ArcelorMittal Hochfeld GmbH,Drahtwalzwerk Hochfeld,Vohwinkeslstrasse 107 WÃ¶rthstrasse 125,47107,Duisburg,Germany,SRID=4326;POINT(6.759562 51.434999),Iron and steel,ETS,1448.0,,8251.51,,0.00,0.00,0.00,0.00
2387,2388,M. Busch GmbH & Co. KG,Eisengiesserei (Werk Wehrstapel),Wehrstapeler Strasse 12 ,59872,Meschede,Germany,SRID=4326;POINT(8.342414 51.352464),Iron and steel,ETS,33989.0,,193688.47,,0.00,0.00,0.00,0.00
2395,2396,Salzgitter Mannesmann Grobblech GmbH,Blechwalzwerk,Wiesenstrasse 36 ,45473,MÃ¼lheim an der Ruhr,Germany,SRID=4326;POINT(6.879204 51.439264),Iron and steel,ETS,46534.0,,265176.95,,0.00,0.00,0.00,0.00
